{
  "experiment_id": "20250903_182633",
  "model": "deberta-v3-large",
  "loss_function": "asymmetric",
  "f1_micro": 0.41380052361654057,
  "f1_macro": 0.3766483074783845,
  "f1_weighted": 0.46606923345346435,
  "precision_micro": 0.26828814584011534,
  "precision_macro": 0.26164746336505457,
  "recall_micro": 0.9042319749216301,
  "recall_macro": 0.7919519686545907,
  "class_imbalance_ratio": 135.84616088867188,
  "prediction_entropy": 8.09379768371582,
  "eval_loss": 1.430518627166748,
  "training_args": {
    "output_dir": "rigorous_experiments/exp_asymmetric_loss_20250903_175621",
    "model_type": "deberta-v3-large",
    "per_device_train_batch_size": 4,
    "per_device_eval_batch_size": 2,
    "gradient_accumulation_steps": 2,
    "num_train_epochs": 1,
    "learning_rate": 1e-05,
    "lr_scheduler_type": "cosine",
    "warmup_ratio": 0.1,
    "weight_decay": 0.01,
    "fp16": true,
    "tf32": true,
    "gradient_checkpointing": false,
    "max_length": 256,
    "use_asymmetric_loss": true,
    "use_combined_loss": false,
    "loss_combination_ratio": 0.7
  },
  "all_metrics": {
    "eval_loss": 1.430518627166748,
    "eval_f1_micro_t1": 0.08903129428354031,
    "eval_f1_macro_t1": 0.07932458903134665,
    "eval_f1_weighted_t1": 0.2041876870447016,
    "eval_precision_micro_t1": 0.04659063511430304,
    "eval_precision_macro_t1": 0.04402995334539196,
    "eval_recall_micro_t1": 0.9995297805642633,
    "eval_recall_macro_t1": 0.9973727940020893,
    "eval_avg_preds_t1": 25.225396240324365,
    "eval_f1_micro_t2": 0.22700167260562867,
    "eval_f1_macro_t2": 0.19512459269339377,
    "eval_f1_weighted_t2": 0.3103886370492102,
    "eval_precision_micro_t2": 0.128393385982231,
    "eval_precision_macro_t2": 0.11404649529309666,
    "eval_recall_micro_t2": 0.9785266457680251,
    "eval_recall_macro_t2": 0.9301283836193195,
    "eval_avg_preds_t2": 8.96129745669001,
    "eval_f1_micro_t3": 0.41380052361654057,
    "eval_f1_macro_t3": 0.3766483074783845,
    "eval_f1_weighted_t3": 0.46606923345346435,
    "eval_precision_micro_t3": 0.26828814584011534,
    "eval_precision_macro_t3": 0.26164746336505457,
    "eval_recall_micro_t3": 0.9042319749216301,
    "eval_recall_macro_t3": 0.7919519686545907,
    "eval_avg_preds_t3": 3.962956137117582,
    "eval_precision_admiration": 0.33927298645759085,
    "eval_recall_admiration": 0.9754098360655737,
    "eval_f1_admiration": 0.5034373347435219,
    "eval_precision_amusement": 0.6347438752783965,
    "eval_recall_amusement": 0.9405940594059405,
    "eval_f1_amusement": 0.7579787234042553,
    "eval_precision_anger": 0.21045918367346939,
    "eval_recall_anger": 0.8461538461538461,
    "eval_f1_anger": 0.33707865168539325,
    "eval_precision_annoyance": 0.16050119331742244,
    "eval_recall_annoyance": 0.8877887788778878,
    "eval_f1_annoyance": 0.2718544719555331,
    "eval_precision_approval": 0.17192268565615462,
    "eval_recall_approval": 0.8513853904282116,
    "eval_f1_approval": 0.2860770207363521,
    "eval_precision_caring": 0.1993911719939117,
    "eval_recall_caring": 0.8562091503267973,
    "eval_f1_caring": 0.3234567901234568,
    "eval_precision_confusion": 0.18435754189944134,
    "eval_recall_confusion": 0.868421052631579,
    "eval_f1_confusion": 0.30414746543778803,
    "eval_precision_curiosity": 0.31117021276595747,
    "eval_recall_curiosity": 0.9435483870967742,
    "eval_f1_curiosity": 0.468,
    "eval_precision_desire": 0.20469798657718122,
    "eval_recall_desire": 0.7922077922077922,
    "eval_f1_desire": 0.3253333333333333,
    "eval_precision_disappointment": 0.12070566388115135,
    "eval_recall_disappointment": 0.7975460122699386,
    "eval_f1_disappointment": 0.20967741935483872,
    "eval_precision_disapproval": 0.20985556499575192,
    "eval_recall_disapproval": 0.8458904109589042,
    "eval_f1_disapproval": 0.336283185840708,
    "eval_precision_disgust": 0.15369649805447472,
    "eval_recall_disgust": 0.8144329896907216,
    "eval_f1_disgust": 0.25859247135842883,
    "eval_precision_embarrassment": 0.18543046357615894,
    "eval_recall_embarrassment": 0.8,
    "eval_f1_embarrassment": 0.3010752688172043,
    "eval_precision_excitement": 0.12315270935960591,
    "eval_recall_excitement": 0.78125,
    "eval_f1_excitement": 0.2127659574468085,
    "eval_precision_fear": 0.34615384615384615,
    "eval_recall_fear": 0.8,
    "eval_f1_fear": 0.48322147651006714,
    "eval_precision_gratitude": 0.6341911764705882,
    "eval_recall_gratitude": 0.9636871508379888,
    "eval_f1_gratitude": 0.7649667405764967,
    "eval_precision_grief": 0.11764705882352941,
    "eval_recall_grief": 0.15384615384615385,
    "eval_f1_grief": 0.13333333333333333,
    "eval_precision_joy": 0.21203438395415472,
    "eval_recall_joy": 0.8604651162790697,
    "eval_f1_joy": 0.34022988505747126,
    "eval_precision_love": 0.551487414187643,
    "eval_recall_love": 0.9563492063492064,
    "eval_f1_love": 0.6995645863570392,
    "eval_precision_nervousness": 0.13095238095238096,
    "eval_recall_nervousness": 0.5238095238095238,
    "eval_f1_nervousness": 0.20952380952380953,
    "eval_precision_optimism": 0.23795620437956205,
    "eval_recall_optimism": 0.7799043062200957,
    "eval_f1_optimism": 0.36465324384787473,
    "eval_precision_pride": 0.36363636363636365,
    "eval_recall_pride": 0.5333333333333333,
    "eval_f1_pride": 0.43243243243243246,
    "eval_precision_realization": 0.07636738906088751,
    "eval_recall_realization": 0.5826771653543307,
    "eval_f1_realization": 0.13503649635036497,
    "eval_precision_relief": 0.10714285714285714,
    "eval_recall_relief": 0.3333333333333333,
    "eval_f1_relief": 0.16216216216216217,
    "eval_precision_remorse": 0.4921875,
    "eval_recall_remorse": 0.9264705882352942,
    "eval_f1_remorse": 0.6428571428571429,
    "eval_precision_sadness": 0.21096345514950166,
    "eval_recall_sadness": 0.8881118881118881,
    "eval_f1_sadness": 0.3409395973154362,
    "eval_precision_surprise": 0.2336065573770492,
    "eval_recall_surprise": 0.8837209302325582,
    "eval_f1_surprise": 0.3695299837925446,
    "eval_precision_neutral": 0.40244464944649444,
    "eval_recall_neutral": 0.9881087202718006,
    "eval_f1_neutral": 0.5719436250409702,
    "eval_f1_micro_t4": 0.5503791982665223,
    "eval_f1_macro_t4": 0.46266565734099663,
    "eval_f1_weighted_t4": 0.5633170939163171,
    "eval_precision_micro_t4": 0.4205298013245033,
    "eval_precision_macro_t4": 0.39763477972679967,
    "eval_recall_micro_t4": 0.7962382445141066,
    "eval_recall_macro_t4": 0.641044880183652,
    "eval_avg_preds_t4": 2.2263177294507925,
    "eval_f1_micro_t5": 0.6116367744668832,
    "eval_f1_macro_t5": 0.490365978278505,
    "eval_f1_weighted_t5": 0.6001805594079286,
    "eval_precision_micro_t5": 0.5565407350295554,
    "eval_precision_macro_t5": 0.4824646910282976,
    "eval_recall_micro_t5": 0.6788401253918496,
    "eval_recall_macro_t5": 0.5257484248928506,
    "eval_avg_preds_t5": 1.4342056763730189,
    "eval_f1_micro_t6": 0.5939762266511752,
    "eval_f1_macro_t6": 0.43896101688834227,
    "eval_f1_weighted_t6": 0.5588165813097539,
    "eval_precision_micro_t6": 0.6909960490746517,
    "eval_precision_macro_t6": 0.5821123285959882,
    "eval_recall_micro_t6": 0.520846394984326,
    "eval_recall_macro_t6": 0.3942326535722769,
    "eval_avg_preds_t6": 0.8862882417987468,
    "eval_f1_micro_t7": 0.47945963902114935,
    "eval_f1_macro_t7": 0.31987282339797674,
    "eval_f1_weighted_t7": 0.4285892605359186,
    "eval_precision_micro_t7": 0.8166729536024142,
    "eval_precision_macro_t7": 0.5926894486726573,
    "eval_recall_micro_t7": 0.3393416927899687,
    "eval_recall_macro_t7": 0.2485054157061613,
    "eval_avg_preds_t7": 0.488573534832289,
    "eval_f1_micro_t8": 0.2707971691814661,
    "eval_f1_macro_t8": 0.14717933478928877,
    "eval_f1_weighted_t8": 0.21784879235199556,
    "eval_precision_micro_t8": 0.9143372407574392,
    "eval_precision_macro_t8": 0.43086781116913914,