{
  "experiment_id": "20250903_222550",
  "model": "deberta-v3-large",
  "loss_function": "bce",
  "f1_micro": 0.2761363636363636,
  "f1_macro": 0.020372233400402416,
  "f1_weighted": 0.14130599670933638,
  "precision_micro": 0.4394213381555154,
  "precision_macro": 0.015693619219839836,
  "recall_micro": 0.20132560066280034,
  "recall_macro": 0.029025322503583372,
  "class_imbalance_ratio": 99.66666412353516,
  "prediction_entropy": 3.619922399520874,
  "eval_loss": 0.15385493636131287,
  "training_args": {
    "output_dir": "./phase1_bce",
    "model_type": "deberta-v3-large",
    "per_device_train_batch_size": 2,
    "per_device_eval_batch_size": 4,
    "gradient_accumulation_steps": 4,
    "num_train_epochs": 1,
    "learning_rate": 1e-05,
    "lr_scheduler_type": "cosine",
    "warmup_ratio": 0.1,
    "weight_decay": 0.01,
    "fp16": true,
    "tf32": false,
    "gradient_checkpointing": false,
    "max_length": 256,
    "max_train_samples": 5000,
    "max_eval_samples": 1000,
    "use_asymmetric_loss": false,
    "use_combined_loss": false,
    "loss_combination_ratio": 0.7
  },
  "all_metrics": {
    "eval_loss": 0.15385493636131287,
    "eval_f1_micro_t1": 0.29831006612784716,
    "eval_f1_macro_t1": 0.04218377360629121,
    "eval_f1_weighted_t1": 0.15739164457870528,
    "eval_precision_micro_t1": 0.26798679867986797,
    "eval_precision_macro_t1": 0.030095812780133735,
    "eval_recall_micro_t1": 0.3363711681855841,
    "eval_recall_macro_t1": 0.08344251126716278,
    "eval_avg_preds_t1": 1.515,
    "eval_f1_micro_t2": 0.2799436355096289,
    "eval_f1_macro_t2": 0.017433017433017433,
    "eval_f1_weighted_t2": 0.1209189908444258,
    "eval_precision_micro_t2": 0.3232104121475054,
    "eval_precision_macro_t2": 0.01154322900526805,
    "eval_recall_micro_t2": 0.24689312344656172,
    "eval_recall_macro_t2": 0.03559483994266603,
    "eval_avg_preds_t2": 0.922,
    "eval_f1_micro_t3": 0.2761363636363636,
    "eval_f1_macro_t3": 0.020372233400402416,
    "eval_f1_weighted_t3": 0.14130599670933638,
    "eval_precision_micro_t3": 0.4394213381555154,
    "eval_precision_macro_t3": 0.015693619219839836,
    "eval_recall_micro_t3": 0.20132560066280034,
    "eval_recall_macro_t3": 0.029025322503583372,
    "eval_avg_preds_t3": 0.553,
    "eval_precision_admiration": 0.0,
    "eval_recall_admiration": 0.0,
    "eval_f1_admiration": 0.0,
    "eval_precision_amusement": 0.0,
    "eval_recall_amusement": 0.0,
    "eval_f1_amusement": 0.0,
    "eval_precision_anger": 0.0,
    "eval_recall_anger": 0.0,
    "eval_f1_anger": 0.0,
    "eval_precision_annoyance": 0.0,
    "eval_recall_annoyance": 0.0,
    "eval_f1_annoyance": 0.0,
    "eval_precision_approval": 0.0,
    "eval_recall_approval": 0.0,
    "eval_f1_approval": 0.0,
    "eval_precision_caring": 0.0,
    "eval_recall_caring": 0.0,
    "eval_f1_caring": 0.0,
    "eval_precision_confusion": 0.0,
    "eval_recall_confusion": 0.0,
    "eval_f1_confusion": 0.0,
    "eval_precision_curiosity": 0.0,
    "eval_recall_curiosity": 0.0,
    "eval_f1_curiosity": 0.0,
    "eval_precision_desire": 0.0,
    "eval_recall_desire": 0.0,
    "eval_f1_desire": 0.0,
    "eval_precision_disappointment": 0.0,
    "eval_recall_disappointment": 0.0,
    "eval_f1_disappointment": 0.0,
    "eval_precision_disapproval": 0.0,
    "eval_recall_disapproval": 0.0,
    "eval_f1_disapproval": 0.0,
    "eval_precision_disgust": 0.0,
    "eval_recall_disgust": 0.0,
    "eval_f1_disgust": 0.0,
    "eval_precision_embarrassment": 0.0,
    "eval_recall_embarrassment": 0.0,
    "eval_f1_embarrassment": 0.0,
    "eval_precision_excitement": 0.0,
    "eval_recall_excitement": 0.0,
    "eval_f1_excitement": 0.0,
    "eval_precision_fear": 0.0,
    "eval_recall_fear": 0.0,
    "eval_f1_fear": 0.0,
    "eval_precision_gratitude": 0.0,
    "eval_recall_gratitude": 0.0,
    "eval_f1_gratitude": 0.0,
    "eval_precision_grief": 0.0,
    "eval_recall_grief": 0.0,
    "eval_f1_grief": 0.0,
    "eval_precision_joy": 0.0,
    "eval_recall_joy": 0.0,
    "eval_f1_joy": 0.0,
    "eval_precision_love": 0.0,
    "eval_recall_love": 0.0,
    "eval_f1_love": 0.0,
    "eval_precision_nervousness": 0.0,
    "eval_recall_nervousness": 0.0,
    "eval_f1_nervousness": 0.0,
    "eval_precision_optimism": 0.0,
    "eval_recall_optimism": 0.0,
    "eval_f1_optimism": 0.0,
    "eval_precision_pride": 0.0,
    "eval_recall_pride": 0.0,
    "eval_f1_pride": 0.0,
    "eval_precision_realization": 0.0,
    "eval_recall_realization": 0.0,
    "eval_f1_realization": 0.0,
    "eval_precision_relief": 0.0,
    "eval_recall_relief": 0.0,
    "eval_f1_relief": 0.0,
    "eval_precision_remorse": 0.0,
    "eval_recall_remorse": 0.0,
    "eval_f1_remorse": 0.0,
    "eval_precision_sadness": 0.0,
    "eval_recall_sadness": 0.0,
    "eval_f1_sadness": 0.0,
    "eval_precision_surprise": 0.0,
    "eval_recall_surprise": 0.0,
    "eval_f1_surprise": 0.0,
    "eval_precision_neutral": 0.4394213381555154,
    "eval_recall_neutral": 0.8127090301003345,
    "eval_f1_neutral": 0.5704225352112676,
    "eval_f1_micro_t4": 0.13818181818181818,
    "eval_f1_macro_t4": 0.014530437442643011,
    "eval_f1_weighted_t4": 0.10078609964358516,
    "eval_precision_micro_t4": 0.5654761904761905,
    "eval_precision_macro_t4": 0.020195578231292515,
    "eval_recall_micro_t4": 0.07870753935376967,
    "eval_recall_macro_t4": 0.011347348303870044,
    "eval_avg_preds_t4": 0.168,
    "eval_f1_micro_t5": 0.0,
    "eval_f1_macro_t5": 0.0,
    "eval_f1_weighted_t5": 0.0,
    "eval_precision_micro_t5": 0.0,
    "eval_precision_macro_t5": 0.0,
    "eval_recall_micro_t5": 0.0,
    "eval_recall_macro_t5": 0.0,
    "eval_avg_preds_t5": 0.0,
    "eval_f1_micro_t6": 0.0,
    "eval_f1_macro_t6": 0.0,
    "eval_f1_weighted_t6": 0.0,
    "eval_precision_micro_t6": 0.0,
    "eval_precision_macro_t6": 0.0,
    "eval_recall_micro_t6": 0.0,
    "eval_recall_macro_t6": 0.0,
    "eval_avg_preds_t6": 0.0,
    "eval_f1_micro_t7": 0.0,
    "eval_f1_macro_t7": 0.0,
    "eval_f1_weighted_t7": 0.0,
    "eval_precision_micro_t7": 0.0,
    "eval_precision_macro_t7": 0.0,
    "eval_recall_micro_t7": 0.0,
    "eval_recall_macro_t7": 0.0,
    "eval_avg_preds_t7": 0.0,
    "eval_f1_micro_t8": 0.0,
    "eval_f1_macro_t8": 0.0,
    "eval_f1_weighted_t8": 0.0,
    "eval_precision_micro_t8": 0.0,
    "eval_precision_macro_t8": 0.0,
    "eval_recall_micro_t8": 0.0,
    "eval_recall_macro_t8": 0.0,
    "eval_avg_preds_t8": 0.0,
    "eval_f1_micro_t9": 0.0,
    "eval_f1_macro_t9": 0.0,
    "eval_f1_weighted_t9": 0.0,
    "eval_precision_micro_t9": 0.0,
    "eval_precision_macro_t9": 0.0,
    "eval_recall_micro_t9": 0.0,
    "eval_recall_macro_t9": 0.0,
    "eval_avg_preds_t9": 0.0,
    "eval_f1_micro": 0.2761363636363636,
    "eval_f1_macro": 0.020372233400402416,
    "eval_f1_weighted": 0.14130599670933638,
    "eval_precision_micro": 0.4394213381555154,
    "eval_precision_macro": 0.015693619219839836,
    "eval_recall_micro": 0.20132560066280034,
    "eval_recall_macro": 0.029025322503583372,
    "eval_class_imbalance_ratio": 99.66666412353516,
    "eval_prediction_entropy": 3.619922399520874,
    "eval_runtime": 59.3899,
    "eval_samples_per_second": 16.838,
    "eval_steps_per_second": 2.105,
    "epoch": 1.0
  }
}