{
  "best_global_step": 100,
  "best_metric": 0.10822223824236395,
  "best_model_checkpoint": "phase1_asymmetric_fixed_20250904_000028/checkpoint-100",
  "epoch": 0.018428933425478,
  "eval_steps": 100,
  "global_step": 100,
  "is_hyper_param_search": false,
  "is_local_process_zero": true,
  "is_world_process_zero": true,
  "log_history": [
    {
      "epoch": 0.009214466712739,
      "grad_norm": 0.19546152651309967,
      "learning_rate": 9.023941068139965e-07,
      "loss": 0.0428,
      "step": 50
    },
    {
      "epoch": 0.018428933425478,
      "grad_norm": 0.1988612860441208,
      "learning_rate": 1.823204419889503e-06,
      "loss": 0.0417,
      "step": 100
    },
    {
      "epoch": 0.018428933425478,
      "eval_avg_preds_t3": 6.680427570954663,
      "eval_avg_preds_t5": 0.7473276815333579,
      "eval_avg_preds_t7": 0.0007371913011426465,
      "eval_f1_macro": 0.10822223824236395,
      "eval_f1_macro_t3": 0.10822223824236395,
      "eval_f1_macro_t5": 0.07485471718060437,
      "eval_f1_macro_t7": 0.0004372261725202902,
      "eval_f1_micro": 0.22088767945951018,
      "eval_f1_micro_t3": 0.22088767945951018,
      "eval_f1_micro_t5": 0.3973167225682798,
      "eval_f1_micro_t7": 0.0009398496240601503,
      "eval_loss": 0.039983753114938736,
      "eval_runtime": 104.5721,
      "eval_samples_per_second": 51.888,
      "eval_steps_per_second": 12.977,
      "step": 100
    }
  ],
  "logging_steps": 50,
  "max_steps": 5427,
  "num_input_tokens_seen": 0,
  "num_train_epochs": 1,
  "save_steps": 100,
  "stateful_callbacks": {
    "TrainerControl": {
      "args": {
        "should_epoch_stop": false,
        "should_evaluate": false,
        "should_log": false,
        "should_save": true,
        "should_training_stop": false
      },
      "attributes": {}
    }
  },
  "total_flos": 390318239252480.0,
  "train_batch_size": 2,
  "trial_name": null,
  "trial_params": null
}
