{
  "experiment_id": "20250903_225625",
  "model": "deberta-v3-large",
  "loss_function": "asymmetric",
  "f1_micro": 0.21037802301009625,
  "f1_macro": 0.11507695435145715,
  "f1_weighted": 0.23255065633833014,
  "precision_micro": 0.12255505402817672,
  "precision_macro": 0.06896270094109751,
  "recall_micro": 0.7423363711681856,
  "recall_macro": 0.45009930374549717,
  "class_imbalance_ratio": 99.66666412353516,
  "prediction_entropy": 9.536347389221191,
  "eval_loss": 9.452336311340332,
  "training_args": {
    "output_dir": "./phase1_asymmetric",
    "model_type": "deberta-v3-large",
    "per_device_train_batch_size": 2,
    "per_device_eval_batch_size": 4,
    "gradient_accumulation_steps": 4,
    "num_train_epochs": 1,
    "learning_rate": 1e-05,
    "lr_scheduler_type": "cosine",
    "warmup_ratio": 0.1,
    "weight_decay": 0.01,
    "fp16": true,
    "tf32": false,
    "gradient_checkpointing": false,
    "max_length": 256,
    "max_train_samples": 5000,
    "max_eval_samples": 1000,
    "use_asymmetric_loss": true,
    "use_combined_loss": false,
    "loss_combination_ratio": 0.7
  },
  "all_metrics": {
    "eval_loss": 9.452336311340332,
    "eval_f1_micro_t1": 0.08265141918033349,
    "eval_f1_macro_t1": 0.07831007968098011,
    "eval_f1_weighted_t1": 0.18336186324155526,
    "eval_precision_micro_t1": 0.04310714285714286,
    "eval_precision_macro_t1": 0.04310714285714286,
    "eval_recall_micro_t1": 1.0,
    "eval_recall_macro_t1": 1.0,
    "eval_avg_preds_t1": 28.0,
    "eval_f1_micro_t2": 0.09928009375523188,
    "eval_f1_macro_t2": 0.08113239164722127,
    "eval_f1_weighted_t2": 0.18552800085106252,
    "eval_precision_micro_t2": 0.05228124311218867,
    "eval_precision_macro_t2": 0.044674329281171495,
    "eval_recall_micro_t2": 0.9826014913007457,
    "eval_recall_macro_t2": 0.853040699038236,
    "eval_avg_preds_t2": 22.685,
    "eval_f1_micro_t3": 0.21037802301009625,
    "eval_f1_macro_t3": 0.11507695435145715,
    "eval_f1_weighted_t3": 0.23255065633833014,
    "eval_precision_micro_t3": 0.12255505402817672,
    "eval_precision_macro_t3": 0.06896270094109751,
    "eval_recall_micro_t3": 0.7423363711681856,
    "eval_recall_macro_t3": 0.45009930374549717,
    "eval_avg_preds_t3": 7.311,
    "eval_precision_admiration": 0.15358361774744028,
    "eval_recall_admiration": 0.9574468085106383,
    "eval_f1_admiration": 0.2647058823529412,
    "eval_precision_amusement": 0.11040339702760085,
    "eval_recall_amusement": 0.8813559322033898,
    "eval_f1_amusement": 0.19622641509433963,
    "eval_precision_anger": 0.05017921146953405,
    "eval_recall_anger": 0.8,
    "eval_f1_anger": 0.09443507588532883,
    "eval_precision_annoyance": 0.06754772393538913,
    "eval_recall_annoyance": 0.8846153846153846,
    "eval_f1_annoyance": 0.12551159618008187,
    "eval_precision_approval": 0.07392197125256673,
    "eval_recall_approval": 1.0,
    "eval_f1_approval": 0.13766730401529637,
    "eval_precision_caring": 0.02702702702702703,
    "eval_recall_caring": 0.029411764705882353,
    "eval_f1_caring": 0.028169014084507043,
    "eval_precision_confusion": 0.08597285067873303,
    "eval_recall_confusion": 0.6129032258064516,
    "eval_f1_confusion": 0.15079365079365079,
    "eval_precision_curiosity": 0.09800362976406533,
    "eval_recall_curiosity": 0.9,
    "eval_f1_curiosity": 0.176759410801964,
    "eval_precision_desire": 0.07446808510638298,
    "eval_recall_desire": 0.5,
    "eval_f1_desire": 0.12962962962962962,
    "eval_precision_disappointment": 0.046296296296296294,
    "eval_recall_disappointment": 0.16666666666666666,
    "eval_f1_disappointment": 0.07246376811594203,
    "eval_precision_disapproval": 0.08455882352941177,
    "eval_recall_disapproval": 0.8363636363636363,
    "eval_f1_disapproval": 0.15358931552587646,
    "eval_precision_disgust": 0.0,
    "eval_recall_disgust": 0.0,
    "eval_f1_disgust": 0.0,
    "eval_precision_embarrassment": 0.0,
    "eval_recall_embarrassment": 0.0,
    "eval_f1_embarrassment": 0.0,
    "eval_precision_excitement": 0.1,
    "eval_recall_excitement": 0.15789473684210525,
    "eval_f1_excitement": 0.12244897959183673,
    "eval_precision_fear": 0.0,
    "eval_recall_fear": 0.0,
    "eval_f1_fear": 0.0,
    "eval_precision_gratitude": 0.1786833855799373,
    "eval_recall_gratitude": 0.9827586206896551,
    "eval_f1_gratitude": 0.30238726790450926,
    "eval_precision_grief": 0.0,
    "eval_recall_grief": 0.0,
    "eval_f1_grief": 0.0,
    "eval_precision_joy": 0.10652920962199312,
    "eval_recall_joy": 0.7380952380952381,
    "eval_f1_joy": 0.18618618618618618,
    "eval_precision_love": 0.11232876712328767,
    "eval_recall_love": 0.9761904761904762,
    "eval_f1_love": 0.20147420147420148,
    "eval_precision_nervousness": 0.0,
    "eval_recall_nervousness": 0.0,
    "eval_f1_nervousness": 0.0,
    "eval_precision_optimism": 0.0979020979020979,
    "eval_recall_optimism": 0.5957446808510638,
    "eval_f1_optimism": 0.16816816816816818,
    "eval_precision_pride": 0.0,
    "eval_recall_pride": 0.0,
    "eval_f1_pride": 0.0,
    "eval_precision_realization": 0.0,
    "eval_recall_realization": 0.0,
    "eval_f1_realization": 0.0,
    "eval_precision_relief": 0.0,
    "eval_recall_relief": 0.0,
    "eval_f1_relief": 0.0,
    "eval_precision_remorse": 0.0,
    "eval_recall_remorse": 0.0,
    "eval_f1_remorse": 0.0,
    "eval_precision_sadness": 0.08421052631578947,
    "eval_recall_sadness": 0.25,
    "eval_f1_sadness": 0.12598425196850394,
    "eval_precision_surprise": 0.05921052631578947,
    "eval_recall_surprise": 0.3333333333333333,
    "eval_f1_surprise": 0.1005586592178771,
    "eval_precision_neutral": 0.32012847965738755,
    "eval_recall_neutral": 1.0,
    "eval_f1_neutral": 0.48499594484995945,
    "eval_f1_micro_t4": 0.3558095238095238,
    "eval_f1_macro_t4": 0.08193219958815523,
    "eval_f1_weighted_t4": 0.22358064884584966,
    "eval_precision_micro_t4": 0.32933709449929477,
    "eval_precision_macro_t4": 0.1066039294531194,
    "eval_recall_micro_t4": 0.3869096934548467,
    "eval_recall_macro_t4": 0.14226750338746663,
    "eval_avg_preds_t4": 1.418,
    "eval_f1_micro_t5": 0.3701492537313433,
    "eval_f1_macro_t5": 0.08140383742460729,
    "eval_f1_weighted_t5": 0.23397438237717805,
    "eval_precision_micro_t5": 0.46326276463262767,
    "eval_precision_macro_t5": 0.08159685762742928,
    "eval_recall_micro_t5": 0.30820215410107704,
    "eval_recall_macro_t5": 0.09388463105031873,
    "eval_avg_preds_t5": 0.803,
    "eval_f1_micro_t6": 0.24867021276595744,
    "eval_f1_macro_t6": 0.04203548108612324,
    "eval_f1_weighted_t6": 0.17109791504183336,
    "eval_precision_micro_t6": 0.6296296296296297,
    "eval_precision_macro_t6": 0.09269957983193278,
    "eval_recall_micro_t6": 0.15492957746478872,
    "eval_recall_macro_t6": 0.03427265499819648,
    "eval_avg_preds_t6": 0.297,
    "eval_f1_micro_t7": 0.00495458298926507,
    "eval_f1_macro_t7": 0.0007072135785007072,
    "eval_f1_weighted_t7": 0.004905378690313107,
    "eval_precision_micro_t7": 0.75,
    "eval_precision_macro_t7": 0.026785714285714284,
    "eval_recall_micro_t7": 0.0024855012427506215,
    "eval_recall_macro_t7": 0.000358337314859054,
    "eval_avg_preds_t7": 0.004,
    "eval_f1_micro_t8": 0.0,
    "eval_f1_macro_t8": 0.0,
    "eval_f1_weighted_t8": 0.0,
    "eval_precision_micro_t8": 0.0,
    "eval_precision_macro_t8": 0.0,
    "eval_recall_micro_t8": 0.0,
    "eval_recall_macro_t8": 0.0,
    "eval_avg_preds_t8": 0.0,
    "eval_f1_micro_t9": 0.0,
    "eval_f1_macro_t9": 0.0,
    "eval_f1_weighted_t9": 0.0,
    "eval_precision_micro_t9": 0.0,
    "eval_precision_macro_t9": 0.0,
    "eval_recall_micro_t9": 0.0,
    "eval_recall_macro_t9": 0.0,
    "eval_avg_preds_t9": 0.0,
    "eval_f1_micro": 0.21037802301009625,
    "eval_f1_macro": 0.11507695435145715,
    "eval_f1_weighted": 0.23255065633833014,
    "eval_precision_micro": 0.12255505402817672,
    "eval_precision_macro": 0.06896270094109751,