{
  "experiment_id": "20250903_175621",
  "timestamp": "2025-09-03T18:26:29.454696",
  "results": {
    "bce_baseline": {
      "success": true,
      "training_time": 1808.4203472137451,
      "config": {
        "use_asymmetric_loss": false,
        "use_combined_loss": false,
        "description": "Standard Binary Cross-Entropy (Baseline)"
      },
      "metrics": {
        "experiment_id": "20250903_175625",
        "model": "deberta-v3-large",
        "loss_function": "bce",
        "f1_micro": 0.6016197454685692,
        "f1_macro": 0.4217535909585594,
        "f1_weighted": 0.5740951665838764,
        "precision_micro": 0.592255125284738,
        "precision_macro": 0.4825569123539016,
        "recall_micro": 0.6112852664576802,
        "recall_macro": 0.4255514402813249,
        "class_imbalance_ratio": 135.84616088867188,
        "prediction_entropy": 1.8503540754318237,
        "eval_loss": 0.08582796901464462,
        "training_args": {
          "output_dir": "rigorous_experiments/exp_bce_baseline_20250903_175621",
          "model_type": "deberta-v3-large",
          "per_device_train_batch_size": 4,
          "per_device_eval_batch_size": 2,
          "gradient_accumulation_steps": 2,
          "num_train_epochs": 1,
          "learning_rate": 1e-05,
          "lr_scheduler_type": "cosine",
          "warmup_ratio": 0.1,
          "weight_decay": 0.01,
          "fp16": true,
          "tf32": true,
          "gradient_checkpointing": false,
          "max_length": 256,
          "use_asymmetric_loss": false,
          "use_combined_loss": false,
          "loss_combination_ratio": 0.7
        },
        "all_metrics": {
          "eval_loss": 0.08582796901464462,
          "eval_f1_micro_t1": 0.5316775415701958,
          "eval_f1_macro_t1": 0.41884501433909366,
          "eval_f1_weighted_t1": 0.5425991759924075,
          "eval_precision_micro_t1": 0.40019011406844107,
          "eval_precision_macro_t1": 0.37102315055943735,
          "eval_recall_micro_t1": 0.7918495297805642,
          "eval_recall_macro_t1": 0.6034910126733907,
          "eval_avg_preds_t1": 2.3265757464061925,
          "eval_f1_micro_t2": 0.5906237478295713,
          "eval_f1_macro_t2": 0.43495537672343254,
          "eval_f1_weighted_t2": 0.5779710280738429,
          "eval_precision_micro_t2": 0.5145450314172678,
          "eval_precision_macro_t2": 0.43918994479301704,
          "eval_recall_micro_t2": 0.6931034482758621,
          "eval_recall_macro_t2": 0.4977623694799759,
          "eval_avg_preds_t2": 1.583855510504976,
          "eval_f1_micro_t3": 0.6016197454685692,
          "eval_f1_macro_t3": 0.4217535909585594,
          "eval_f1_weighted_t3": 0.5740951665838764,
          "eval_precision_micro_t3": 0.592255125284738,
          "eval_precision_macro_t3": 0.4825569123539016,
          "eval_recall_micro_t3": 0.6112852664576802,
          "eval_recall_macro_t3": 0.4255514402813249,
          "eval_avg_preds_t3": 1.213601179506082,
          "eval_precision_admiration": 0.6537842190016103,
          "eval_recall_admiration": 0.8319672131147541,
          "eval_f1_admiration": 0.7321911632100991,
          "eval_precision_amusement": 0.7219251336898396,
          "eval_recall_amusement": 0.8910891089108911,
          "eval_f1_amusement": 0.7976366322008862,
          "eval_precision_anger": 0.4369747899159664,
          "eval_recall_anger": 0.5333333333333333,
          "eval_f1_anger": 0.48036951501154734,
          "eval_precision_annoyance": 0.3835616438356164,
          "eval_recall_annoyance": 0.3696369636963696,
          "eval_f1_annoyance": 0.3764705882352941,
          "eval_precision_approval": 0.4430379746835443,
          "eval_recall_approval": 0.26448362720403024,
          "eval_f1_approval": 0.3312302839116719,
          "eval_precision_caring": 0.5454545454545454,
          "eval_recall_caring": 0.39215686274509803,
          "eval_f1_caring": 0.45627376425855515,
          "eval_precision_confusion": 0.5,
          "eval_recall_confusion": 0.3815789473684211,
          "eval_f1_confusion": 0.43283582089552236,
          "eval_precision_curiosity": 0.4533333333333333,
          "eval_recall_curiosity": 0.6854838709677419,
          "eval_f1_curiosity": 0.5457463884430177,
          "eval_precision_desire": 0.6041666666666666,
          "eval_recall_desire": 0.37662337662337664,
          "eval_f1_desire": 0.464,
          "eval_precision_disappointment": 0.36363636363636365,
          "eval_recall_disappointment": 0.09815950920245399,
          "eval_f1_disappointment": 0.15458937198067632,
          "eval_precision_disapproval": 0.42412451361867703,
          "eval_recall_disapproval": 0.3732876712328767,
          "eval_f1_disapproval": 0.3970856102003643,
          "eval_precision_disgust": 0.44047619047619047,
          "eval_recall_disgust": 0.38144329896907214,
          "eval_f1_disgust": 0.4088397790055249,
          "eval_precision_embarrassment": 0.0,
          "eval_recall_embarrassment": 0.0,
          "eval_f1_embarrassment": 0.0,
          "eval_precision_excitement": 0.7083333333333334,
          "eval_recall_excitement": 0.17708333333333334,
          "eval_f1_excitement": 0.2833333333333333,
          "eval_precision_fear": 0.6521739130434783,
          "eval_recall_fear": 0.5,
          "eval_f1_fear": 0.5660377358490566,
          "eval_precision_gratitude": 0.896358543417367,
          "eval_recall_gratitude": 0.8938547486033519,
          "eval_f1_gratitude": 0.8951048951048951,
          "eval_precision_grief": 0.0,
          "eval_recall_grief": 0.0,
          "eval_f1_grief": 0.0,
          "eval_precision_joy": 0.5895953757225434,
          "eval_recall_joy": 0.5930232558139535,
          "eval_f1_joy": 0.591304347826087,
          "eval_precision_love": 0.6881028938906752,
          "eval_recall_love": 0.8492063492063492,
          "eval_f1_love": 0.7602131438721137,
          "eval_precision_nervousness": 0.0,
          "eval_recall_nervousness": 0.0,
          "eval_f1_nervousness": 0.0,
          "eval_precision_optimism": 0.6744186046511628,
          "eval_recall_optimism": 0.5550239234449761,
          "eval_f1_optimism": 0.6089238845144357,
          "eval_precision_pride": 0.0,
          "eval_recall_pride": 0.0,
          "eval_f1_pride": 0.0,
          "eval_precision_realization": 1.0,
          "eval_recall_realization": 0.007874015748031496,
          "eval_f1_realization": 0.015625,
          "eval_precision_relief": 0.0,
          "eval_recall_relief": 0.0,
          "eval_f1_relief": 0.0,
          "eval_precision_remorse": 0.6986301369863014,
          "eval_recall_remorse": 0.75,
          "eval_f1_remorse": 0.723404255319149,
          "eval_precision_sadness": 0.4398148148148148,
          "eval_recall_sadness": 0.6643356643356644,
          "eval_f1_sadness": 0.5292479108635098,
          "eval_precision_surprise": 0.5806451612903226,
          "eval_recall_surprise": 0.5581395348837209,
          "eval_f1_surprise": 0.5691699604743083,
          "eval_precision_neutral": 0.6130453944468929,
          "eval_recall_neutral": 0.7876557191392979,
          "eval_f1_neutral": 0.6894671623296159,
          "eval_f1_micro_t4": 0.591878871300757,
          "eval_f1_macro_t4": 0.4009057631667141,
          "eval_f1_weighted_t4": 0.5530054677612808,
          "eval_precision_micro_t4": 0.6559877955758963,
          "eval_precision_macro_t4": 0.5046605581243347,
          "eval_recall_micro_t4": 0.5391849529780565,
          "eval_recall_macro_t4": 0.3719234661382469,
          "eval_avg_preds_t4": 0.9664577957980096,
          "eval_f1_micro_t5": 0.5636067770651861,
          "eval_f1_macro_t5": 0.36399587031197916,
          "eval_f1_weighted_t5": 0.5140671319857238,
          "eval_precision_micro_t5": 0.7238750922055569,
          "eval_precision_macro_t5": 0.49845713856627427,
          "eval_recall_micro_t5": 0.4614420062695925,
          "eval_recall_macro_t5": 0.31579771357893666,